{"Map":
    [
        { 
        "position":[110.36291134214333,38.93146618335862,1188.648053631753],
        "orientation":[0.9680151954920089,-24.61041994170873,0.003498536405676135],
        "name":"中央水泵房"
        },
       { 
        "position":[110.36060537280962,38.932162735121004,1309.9130019666763],
        "orientation":[358.3721470575641,-52.19010691918676,359.9964039962615],
        "name":"2号清水泵房"
        },
        { 
         "position":[110.29889485436246,38.93342396070404,1880.7487096922637],
         "orientation":[0.33314875461408794,-87.58138659310778,0],
         "name":"二盘区水泵房"
         }
    ]
    
}

